id,first_name,last_name,gender,idade,altura
1,Sheelah,Coase,Female,58.0,1.655
2,Nowell,Jovicic,Male,70.0,1.945
3,Jobyna,Micka,Female,47.0,1.575
4,Ivor,Morgans,Male,,1.965
5,Ronnie,Jimeno,Male,40.0,1.875
6,Alard,Kelcher,Male,56.0,1.55
7,Hyacinthe,Tanswill,Female,37.0,1.89
8,Lanny,Ugolini,Female,65.0,1.59
9,Franky,Von Der Empten,Male,56.0,1.805
10,Peirce,Shaw,Male,47.0,1.61
11,Von,Commin,Genderqueer,67.0,1.665
12,Emmit,Smeed,Male,70.0,1.775
13,Amil,Abbot,Female,,1.865
14,Bren,Cream,Male,58.0,1.72
15,Sylvester,Kuschke,Male,33.0,1.765
16,Shannon,Durtnell,Male,70.0,1.845
17,Dalt,Claricoates,Male,47.0,1.74
18,Itch,Antosch,Male,36.0,1.875
19,Dieter,Winny,Male,50.0,1.64
20,Kitti,Jerrim,Female,34.0,1.955
21,Aldric,Vernall,Male,34.0,1.85
22,Poul,Howe,Male,34.0,1.585
23,Emmalee,Retchless,Female,58.0,1.52
24,Albertine,Kenewel,Female,53.0,1.595
25,Lola,Geratasch,Female,45.0,1.865
26,Billye,Varsey,Female,48.0,1.83
27,Madlen,Fairlie,Polygender,65.0,1.515
28,Aurelie,Orbine,Genderqueer,45.0,1.55
29,Bendite,Busfield,Female,34.0,1.505
30,Alix,Foukx,Male,31.0,1.5699999999999998
31,Jonell,Druce,Bigender,52.0,1.99
32,Tommie,Kas,Female,51.0,1.6949999999999998
33,Wylma,Sargison,Female,44.0,1.535
34,Shadow,Toe,Non-binary,30.0,1.565
35,Alisha,Newgrosh,Female,67.0,1.635
36,Lindsey,Popping,Female,63.0,1.895
37,Jeremias,Pert,Male,58.0,1.99
38,Evaleen,Quarmby,Female,35.0,1.855
39,Ford,Wallicker,Male,42.0,1.95
40,Sayre,Dillingstone,Female,53.0,1.78
41,Obie,Sturte,Male,56.0,1.77
42,Karil,Sissel,Female,37.0,1.615
43,Gabriello,Saynor,Male,49.0,1.965
44,Franklyn,Loddy,Polygender,60.0,1.645
45,Lettie,Lugton,Female,31.0,1.735
46,Elsey,Adelman,Female,52.0,1.595
47,Gaspard,Tambling,Male,35.0,1.825
48,Bartolomeo,Schachter,Male,50.0,1.815
49,Isidro,Simek,Male,55.0,1.97
50,Todd,Vero,Male,50.0,1.715
51,Abner,Kynton,Male,,1.98
52,Dorothee,Fright,Female,50.0,1.605
53,Lucie,Quadling,Female,61.0,2.0
54,Feliza,Abbie,Female,50.0,1.545
55,Anderson,Gutman,Male,,1.685
56,Baryram,Blankhorn,Male,50.0,1.62
57,Kippar,Habercham,Male,52.0,1.65
58,Augy,McEvon,Male,51.0,1.51
59,Boot,Derrington,Male,42.0,1.79
60,Lief,Mealham,Male,37.0,1.82
61,Selinda,Boggish,Female,34.0,1.505
62,Donny,Frapwell,Agender,42.0,1.84
63,Basile,Meeks,Male,46.0,1.705
64,Kesley,Prendergrass,Bigender,59.0,1.585
65,Marcello,Humphery,Male,65.0,1.755
66,Stinky,Iddins,Male,47.0,1.585
67,Milo,Arr,Male,37.0,1.895
68,Conn,Mathys,Male,44.0,1.735
69,Koressa,Proppers,Genderqueer,41.0,1.52
70,Wenonah,Christophersen,Female,64.0,1.84
71,Gus,Godbold,Male,47.0,1.705
72,Padgett,McDaid,Male,31.0,1.79
73,Barri,Muffin,Male,34.0,1.56
74,Chrissy,Garmans,Male,40.0,1.52
75,Mozelle,Espada,Female,40.0,1.815
76,Aleta,Amiranda,Female,41.0,1.835
77,Lola,Sangwin,Bigender,,1.86
78,Camille,Enga,Female,64.0,1.685
79,Jeannette,Kloster,Female,49.0,1.935
80,Constanta,Theobalds,Female,45.0,1.73
81,Fremont,Benedicto,Male,45.0,1.85
82,Vicky,D'Oyly,Female,41.0,1.715
83,Parke,McLoughlin,Male,61.0,1.81
84,Boyd,Lynam,Male,65.0,1.525
85,Mallory,Steel,Male,60.0,1.9
86,Marti,Local,Female,52.0,1.85
87,Debor,Jolley,Female,48.0,1.93
88,Derry,Bredgeland,Male,35.0,1.905
89,Ignacio,Molohan,Male,41.0,1.595
90,Jared,Alanbrooke,Male,59.0,1.6800000000000002
91,Abigale,Van der Beek,Female,66.0,1.5
92,Boothe,Yankishin,Male,69.0,1.78
93,Simone,Pannaman,Female,65.0,1.905
94,Tomkin,Hatch,Genderqueer,32.0,1.79
95,Katharine,De la Zenne,Female,,1.76
96,Thoma,Franey,Male,34.0,1.995
97,Sayre,Spelwood,Female,70.0,1.58
98,Deny,Bruni,Female,46.0,1.87
99,Hardy,Mackison,Male,,1.67
100,Cart,Loach,Male,65.0,1.85
101,Tisha,McNelly,Female,65.0,1.825
102,Orlan,Graser,Male,30.0,1.525
103,Ilario,Yurchishin,Male,63.0,1.62
104,Sigismundo,Keenlyside,Male,36.0,1.955
105,Phillip,Galey,Male,40.0,1.925
106,Ginelle,Vasnetsov,Female,35.0,1.98
107,Olivie,Londsdale,Female,33.0,1.525
108,Brander,Pirouet,Male,38.0,1.87
109,Skell,Devey,Male,42.0,1.54
110,Annabel,Bianco,Female,65.0,1.675
111,Abel,Skain,Male,59.0,1.76
112,Bax,Decroix,Male,44.0,1.625
113,Thor,Dank,Male,56.0,1.69
114,Mireille,MacCart,Female,42.0,1.73
115,Ali,Fuke,Male,56.0,1.575
116,Filbert,Solway,Male,55.0,1.91
117,Emera,Scarman,Female,65.0,1.56
118,Rhianna,Gledstane,Female,59.0,1.87
119,Pennie,Buchanan,Female,39.0,1.84
120,Annice,Macieja,Female,66.0,1.975
121,Gilbert,Deetlefs,Male,50.0,1.525
122,Quentin,Strutz,Male,56.0,1.595
123,Ivan,Uccello,Male,50.0,1.69
124,Dolf,Schall,Male,65.0,1.975
125,Abba,Ivankovic,Male,54.0,1.69
126,Angelico,Kirley,Male,46.0,1.595
127,Roselin,Bradwell,Female,67.0,1.705
128,Idell,Tiner,Female,48.0,1.66
129,Shelley,Cloney,Male,31.0,1.785
130,Freda,Dudman,Female,65.0,1.94
131,Claudell,Bucher,Male,51.0,1.64
132,Tobin,MacKim,Male,39.0,1.685
133,Armin,Josefsohn,Male,35.0,1.915
134,Shea,Quidenham,Male,42.0,1.51
135,Benny,Phibb,Male,52.0,1.99
136,Una,Wyld,Female,53.0,1.89
137,Hamnet,Shreenan,Genderqueer,34.0,1.535
138,Hilarius,Cathro,Male,54.0,1.685
139,Cynde,Riha,Female,57.0,1.82
140,Bevin,Boland,Male,,1.95
141,Conant,Kidner,Male,37.0,1.66
142,Timothy,Spur,Male,33.0,1.535
143,Goldia,Heiner,Female,36.0,1.655
144,Fanchon,Cotelard,Female,58.0,2.0
145,Becca,Brown,Female,36.0,1.765
146,Tresa,Sunshine,Female,65.0,1.82
147,Herschel,Demangeot,Male,40.0,1.955
148,Ian,Toretta,Male,36.0,1.8
149,Sollie,Pigott,Male,69.0,1.87
150,Gabbi,Elcy,Female,42.0,1.98
151,Chrysa,Ballance,Female,54.0,1.71
152,Bondie,Rubinowicz,Male,61.0,1.595
153,Alameda,Uccelli,Female,51.0,1.75
154,Clerc,Barthelemy,Male,35.0,1.525
155,Mirabel,Muncaster,Female,49.0,1.95
156,Eric,Keig,Male,38.0,1.945
157,Irwinn,Stoeckle,Male,57.0,1.51
158,Toby,Balshen,Female,70.0,1.735
159,Nessi,Quilty,Female,70.0,1.835
160,Diane-marie,Simone,Genderqueer,31.0,1.735
161,Karoline,Doers,Female,43.0,1.87
162,Brand,Allcott,Male,69.0,1.895
163,Zack,Keenleyside,Male,37.0,1.65
164,Cherilynn,Cawthra,Female,50.0,1.515
165,Cherilyn,McLaggan,Female,30.0,1.895
166,Pip,Moorman,Male,64.0,1.535
167,Terrijo,Cheevers,Female,67.0,1.54
168,Portia,McCall,Female,44.0,1.5
169,Polly,Forman,Female,69.0,1.5550000000000002
170,Josee,Spensly,Female,56.0,1.975
171,Berti,Klosterman,Male,67.0,1.745
172,Sydney,Broader,Female,33.0,1.6949999999999998
173,Melinda,Stoak,Female,41.0,1.955
174,Nananne,Kay,Female,63.0,1.55
175,Freddy,Chicco,Male,30.0,1.635
176,Ronnie,Tremellier,Female,40.0,1.665
177,Stanfield,Middleton,Male,57.0,1.6949999999999998
178,Enrichetta,Botterell,Female,49.0,1.715
179,Nat,Schutze,Male,66.0,1.69
180,Fredericka,Knightley,Female,46.0,1.9
181,Suzann,Bridat,Female,61.0,1.77
182,Betteann,Westrip,Female,46.0,1.625
183,Tab,Ofener,Male,68.0,1.515
184,Lainey,Drillingcourt,Bigender,37.0,1.99
185,Pavla,Scotts,Female,54.0,1.79
186,Luis,Mayward,Male,47.0,1.825
187,Chrotoem,Kirtlan,Male,47.0,1.93
188,Nona,Millwater,Female,60.0,1.7
189,Kip,Collison,Female,49.0,1.9
190,Hildy,Pirot,Female,70.0,1.755
191,Rourke,Kiss,Male,31.0,1.5699999999999998
192,Leonidas,Bayston,Male,53.0,1.65
193,Seth,Vanyarkin,Male,41.0,1.685
194,Gillian,Stowers,Female,61.0,1.78
195,Marlo,Gair,Male,70.0,1.675
196,Gil,Tolliday,Male,56.0,1.685
197,Mateo,Budden,Male,58.0,1.92
198,Ezekiel,Calderhead,Male,70.0,1.755
199,Kipp,Ramel,Male,69.0,1.515
200,Haywood,Rundle,Male,44.0,1.995
201,Lib,Prew,Female,68.0,1.98
202,Patten,Sinncock,Male,47.0,1.59
203,Corinna,Daughtry,Bigender,65.0,1.855
204,Ivy,Bertrand,Female,58.0,1.955
205,Burton,Raynard,Male,56.0,1.7
206,Esther,Smalecombe,Female,64.0,1.9
207,Lorilyn,Spain,Female,62.0,1.705
208,Elisha,Littefair,Female,32.0,1.785
209,Iormina,Notti,Female,61.0,1.92
210,Nettie,Colomb,Female,34.0,1.61
211,Alix,Lideard,Female,66.0,1.6949999999999998
212,Gordan,Staples,Male,46.0,1.58
213,Erika,Gooderham,Female,33.0,1.67
214,Abner,Lamcken,Bigender,50.0,1.82
215,Valene,Rosenstengel,Female,46.0,1.505
216,Stanwood,Lamar,Male,66.0,1.54
217,Ree,Padkin,Female,62.0,1.505
218,Gunner,Seacroft,Polygender,30.0,1.535
219,Debor,Doag,Female,63.0,1.5699999999999998
220,Ted,Huddles,Male,34.0,1.545
221,Ellette,O'Brogan,Female,63.0,1.595
222,Inger,Artiss,Male,41.0,1.7
223,Silvie,Brushfield,Female,59.0,1.745
224,Leone,Belly,Female,46.0,1.8
225,Phelia,Riddell,Female,56.0,2.0
226,Wilburt,Figgures,Male,52.0,1.62
227,Lenora,Echlin,Female,38.0,1.82
228,Sharl,Geraudel,Female,61.0,1.735
229,Almeria,Dugan,Genderqueer,44.0,1.815
230,Pippo,Lamburne,Male,31.0,1.845
231,Mabel,Puden,Genderqueer,42.0,1.76
232,Agna,Giorgini,Female,54.0,1.965
233,Scarlet,Ramey,Female,45.0,1.845
234,Brook,Emblow,Female,38.0,1.775
235,Tulley,Huckabe,Male,59.0,1.63
236,Ronna,Canet,Female,52.0,1.52
237,Amelia,Schwanden,Female,37.0,1.52
238,Husain,Turbefield,Male,44.0,1.965
239,Phoebe,Readitt,Female,34.0,1.98
240,Damaris,Springall,Female,42.0,1.95
241,Jenna,Sheppard,Female,59.0,1.79
242,Turner,Anster,Male,38.0,1.56
243,Lancelot,Cloy,Male,47.0,1.5699999999999998
244,Cindra,Donlon,Female,53.0,1.905
245,Sheelagh,Perryman,Female,56.0,1.925
246,Beltran,Lamkin,Male,69.0,1.6800000000000002
247,Shurwood,Elphee,Male,33.0,1.955
248,Prue,Strettle,Female,60.0,1.87
249,Felecia,Burnhill,Female,45.0,1.645
250,Dalis,Bugby,Male,50.0,1.56
251,Franciska,Roome,Female,46.0,1.805
252,Jacynth,Hindrich,Female,36.0,1.775
253,Baxy,Corrie,Male,43.0,1.795
254,Curcio,Dabney,Male,49.0,1.575
255,Clerkclaude,Nodes,Male,,1.785
256,Judon,Dufty,Genderqueer,68.0,1.89
257,Aidan,Lowndsbrough,Female,41.0,1.66
258,Ollie,Trenfield,Female,61.0,1.625
259,Katee,Hancell,Female,53.0,1.785
260,Lucas,Dubs,Male,39.0,1.96
261,Heddi,Lavin,Female,36.0,1.76
262,Freda,Dunkerton,Non-binary,70.0,1.905
263,Griffith,Gauchier,Male,39.0,1.77
264,Loleta,D'Ambrogi,Female,40.0,1.645
265,Axel,Arpur,Male,67.0,1.72
266,Hermy,Tixier,Male,42.0,1.915
267,Agretha,Kordes,Female,66.0,1.785
268,Morgen,Affron,Male,40.0,1.685
269,Dyane,Pickersgill,Female,54.0,1.505
270,Kamila,Rashleigh,Female,70.0,1.965
271,Dicky,Saxelby,Agender,46.0,1.915
272,Mala,Olivetti,Female,63.0,1.75
273,Rina,Tanton,Female,38.0,1.59
274,Dosi,Kinnach,Female,59.0,1.97
275,Mathias,Parkes,Male,57.0,1.925
276,Walker,Waldock,Agender,50.0,1.815
277,Rube,Auty,Male,46.0,1.625
278,Carlos,Thoms,Male,68.0,1.55
279,Elladine,Farnes,Female,52.0,1.535
280,Melina,Dickin,Female,46.0,1.71
281,Ollie,Cradduck,Agender,55.0,1.975
282,Alissa,Juckes,Female,49.0,1.87
283,Alanson,Cawte,Male,40.0,1.715
284,Sally,Borsnall,Female,65.0,1.6800000000000002
285,Marshal,Dodle,Male,,1.96
286,Paquito,Verrillo,Male,55.0,1.75
287,Garreth,Bhar,Male,35.0,1.6
288,Minerva,McKinstry,Female,53.0,1.82
289,Keefer,Lightwing,Male,50.0,1.755
290,Sondra,Cosin,Female,36.0,1.74
291,Kelly,Gozney,Female,64.0,1.58
292,Maurizia,Cliss,Female,44.0,1.775
293,Jackqueline,Zuanazzi,Polygender,34.0,1.605
294,Artemis,Bern,Male,36.0,1.67
295,Gilemette,Taylerson,Female,36.0,1.94
296,Phil,Digges,Male,70.0,1.97
297,Ad,Allden,Male,45.0,1.725
298,Bibi,Bickerton,Female,31.0,1.6949999999999998
299,Phylys,Mackleden,Female,56.0,1.525
300,Desdemona,Cash,Female,57.0,1.885
301,Franny,Simenel,Male,48.0,1.835
302,Jany,Yeowell,Female,37.0,1.945
303,Dagmar,Chrisp,Female,67.0,1.93
304,Bronnie,Colquitt,Male,66.0,1.985
305,Shandee,Dumphrey,Genderfluid,45.0,1.64
306,Nikola,Ropp,Male,57.0,1.9
307,Richmond,Esberger,Male,67.0,1.655
308,Rona,MacFaell,Female,68.0,1.54
309,Janean,Vellender,Female,47.0,1.825
310,Jeremie,Banbury,Male,52.0,1.81
311,Rochell,Gervaise,Female,42.0,1.785
312,Alonso,Fletcher,Male,44.0,1.855
313,Cecil,Zywicki,Male,,1.51
314,Vivianna,Cathie,Female,59.0,1.8
315,Benjamen,Stubbings,Male,45.0,1.96
316,Alwyn,Bellew,Male,54.0,1.675
317,Ciro,Liffey,Male,52.0,1.53
318,Wayland,Bastie,Male,44.0,1.845
319,Evvy,Janczewski,Female,65.0,1.605
320,Carney,MacFarland,Male,64.0,1.565
321,Delaney,Rowesby,Male,35.0,1.925
322,Danna,Johnsee,Female,34.0,1.985
323,Georgia,Ion,Female,39.0,1.63
324,Balduin,MacCole,Male,63.0,1.715
325,Ingemar,Halsall,Genderfluid,58.0,1.915
326,Allissa,Haruard,Female,65.0,1.595
327,Isiahi,Saffle,Male,55.0,1.545
328,Otha,Dannehl,Female,,1.965
329,Ernesto,Caven,Male,32.0,1.575
330,Merissa,Dumingos,Genderqueer,65.0,1.575
331,Eduardo,Fishley,Male,35.0,1.91
332,Hall,Beazer,Male,51.0,1.75
333,Bernhard,Everwin,Male,34.0,1.775
334,Archibald,Rummery,Male,50.0,1.615
335,Ike,Jedrzejczak,Male,66.0,1.8
336,Janka,Tickel,Female,62.0,1.71
337,Xena,Allitt,Female,69.0,1.965
338,Angil,Berthel,Female,65.0,1.525
339,Chrissy,Cabrera,Female,33.0,1.86
340,Oran,Iannitti,Male,52.0,1.61
341,Eolanda,Stenbridge,Female,46.0,1.58
342,Cosetta,Luckham,Female,61.0,1.965
343,Sioux,Bowie,Female,50.0,1.53
344,Edwina,Paish,Female,60.0,1.6
345,Gerald,Whittaker,Male,65.0,1.75
346,Elmo,Bichener,Male,36.0,1.825
347,Willetta,Cunnell,Female,70.0,1.52
348,Micky,Canacott,Female,36.0,1.575
349,Bill,Heningam,Male,44.0,1.51
350,Kelila,Saben,Female,54.0,1.55
351,Friedrich,Salthouse,Male,51.0,1.54
352,Caty,Passler,Female,,1.85
353,Nathaniel,Alastair,Male,55.0,1.97
354,Riki,Tomik,Female,39.0,1.6800000000000002
355,Turner,Hegg,Male,37.0,1.965
356,Linc,Facey,Male,64.0,1.925
357,Danya,Shields,Bigender,68.0,2.0
358,Fayth,Dillinton,Female,50.0,1.81
359,Tandy,Needham,Female,37.0,1.635
360,Ruthy,Jeeves,Female,31.0,1.755
361,Ives,Messager,Male,67.0,1.685
362,Gerta,Matthius,Female,35.0,1.715
363,Hermie,Featherstonhalgh,Male,58.0,1.885
364,Derrik,Goulborn,Male,59.0,1.865
365,Raye,Hearnah,Female,70.0,1.55
366,Elyse,Reiners,Non-binary,65.0,1.67
367,Emmett,Bendall,Male,51.0,1.76
368,Bobbie,Winser,Female,60.0,1.75
369,Shelby,Jozwiak,Bigender,38.0,1.825
370,Alejoa,Morison,Male,39.0,1.6800000000000002
371,Joana,Hearthfield,Female,49.0,1.865
372,Kelli,Gittens,Female,33.0,1.715
373,Florri,Moller,Female,70.0,1.685
374,Allx,de Werk,Female,52.0,1.705
375,Tarah,Adelsberg,Female,59.0,1.785
376,Baxie,Davidof,Male,59.0,1.61
377,Tab,Creamer,Male,69.0,1.72
378,Maximo,Paddison,Male,51.0,1.53
379,Tallie,Mulvin,Bigender,61.0,1.525
380,Arel,Mollison,Male,60.0,1.83
381,Drusy,Keilty,Female,64.0,1.925
382,Jaymee,Fairleigh,Female,40.0,1.9
383,Fairfax,Hailey,Male,57.0,1.71
384,Merrilee,Tebbit,Female,61.0,1.55
385,Auberta,Halliburton,Female,55.0,1.61
386,Genia,Gradwell,Female,,1.55
387,Hill,Durbin,Male,,1.515
388,Wallas,Rontree,Male,63.0,1.535
389,Kimberley,Joiner,Female,,1.75
390,Carlin,Aslin,Male,62.0,1.83
391,Maryjane,Pryce,Female,48.0,1.775
392,Orren,Varfalameev,Male,57.0,1.8
393,Quinlan,Varfalameev,Male,57.0,1.76
394,Galven,Barraclough,Male,,1.735
395,Trever,Meadmore,Male,,1.765
396,Rhodie,Floyed,Female,40.0,1.625
397,Tristan,Rieme,Male,48.0,1.595
398,Karoly,Agneau,Male,49.0,1.94
399,Josias,Smethurst,Male,62.0,1.94
400,Pamella,Bullier,Female,36.0,1.605
401,Brynna,Beuscher,Female,34.0,1.91
402,Wilden,Maren,Male,50.0,1.77
403,Dora,Dyett,Female,45.0,1.845
404,Benoit,Chedzoy,Male,42.0,1.855
405,Mac,Thorneley,Male,44.0,1.58
406,Khalil,Eefting,Male,64.0,1.53
407,Guss,Mechi,Male,37.0,1.98
408,Byran,Merchant,Male,39.0,1.725
409,Magdalena,Wicklen,Female,58.0,1.75
410,Otto,felip,Male,65.0,1.98
411,Nan,Middas,Female,32.0,1.725
412,Alyda,Yurocjkin,Female,33.0,1.74
413,Wyatt,Latchmore,Male,61.0,1.805
414,Raine,Spencock,Female,63.0,1.73
415,Torre,Dudeney,Male,,1.875
416,Kerby,Wilcinskis,Genderfluid,61.0,1.56
417,Tirrell,Drewes,Male,48.0,1.69
418,Tremayne,Hasty,Male,66.0,1.52
419,Ethelbert,McCarthy,Male,50.0,1.92
420,Michel,Fessier,Male,49.0,1.99
421,Zacharias,Spacie,Non-binary,53.0,1.5699999999999998
422,Fifi,Outerbridge,Female,48.0,1.92
423,Chelsea,Jain,Agender,37.0,1.89
424,Hamlin,Garnsey,Male,54.0,1.525
425,Solomon,Hoyt,Genderfluid,30.0,1.51
426,Heloise,Tape,Female,52.0,1.66
427,Yurik,Giacopetti,Male,42.0,1.75
428,Abigale,Hassen,Polygender,40.0,1.71
429,Aurora,Skelton,Female,47.0,1.93
430,Tracy,Graith,Genderfluid,61.0,1.5550000000000002
431,Chuck,Shemwell,Male,58.0,1.505
432,Garrard,Goodbarne,Male,70.0,1.755
433,Michaela,Binton,Female,67.0,1.755
434,Darya,Comelli,Female,53.0,1.64
435,Abagael,Ballam,Female,45.0,1.605
436,Amaleta,Aimable,Female,37.0,1.52
437,Ilene,Emerine,Female,36.0,1.73
438,Ezra,Acors,Male,39.0,1.61
439,Arluene,Pickavance,Female,33.0,1.95
440,Lem,Stollenhof,Male,32.0,1.5550000000000002
441,Sterling,Sybe,Male,63.0,1.895
442,Mandie,Kunath,Female,44.0,1.865
443,Bili,Vevers,Female,36.0,1.95
444,Avigdor,Eastope,Male,56.0,1.5550000000000002
445,Roxanna,Curragh,Female,59.0,1.97
446,Shermie,Broadbury,Male,33.0,1.805
447,Cheston,Cozins,Male,46.0,1.955
448,Abigael,Bidnall,Female,39.0,1.84
449,Artus,Coaker,Male,42.0,1.985
450,Jeffie,Oseman,Male,58.0,1.91
451,Nickey,Form,Male,58.0,1.52
452,Karly,Graveson,Female,50.0,1.61
453,Nial,Alexsandrovich,Male,36.0,1.52
454,Inger,McKeney,Male,43.0,1.6
455,Ardyce,Paslow,Genderfluid,62.0,1.785
456,Andrej,Tees,Male,56.0,1.975
457,Emanuele,Lait,Male,47.0,1.83
458,Brianne,Bernolet,Female,52.0,1.79
459,Benjamen,Faughnan,Male,58.0,1.69
460,Nat,Aishford,Male,58.0,1.94
461,Iolande,Brigginshaw,Female,51.0,1.5
462,Colan,Thecham,Male,60.0,1.585
463,Jessi,Titcom,Female,35.0,1.94
464,Luella,Howgego,Female,70.0,1.83
465,Clarine,Pinch,Female,31.0,1.655
466,Chrisse,Oloman,Male,,1.71
467,Pace,Blase,Male,45.0,1.84
468,Farrel,Chasteau,Male,61.0,1.635
469,Adria,Sauvan,Female,32.0,1.595
470,Arnoldo,Wenderoth,Male,67.0,1.505
471,Faunie,Sampson,Female,35.0,1.925
472,Ezequiel,Haacker,Male,46.0,1.63
473,Darby,Bicheno,Female,45.0,1.705
474,Gretna,Roumier,Female,44.0,1.715
475,Dasi,Amort,Female,67.0,1.515
476,Jennine,Ruhben,Female,44.0,1.52
477,Kelley,Wherrit,Male,32.0,1.56
478,Gratia,Meggison,Female,38.0,1.735
479,Buffy,Wharrier,Non-binary,43.0,1.64
480,Bobbee,Savaage,Female,61.0,1.59
481,Sada,Coldbreath,Female,30.0,1.735
482,Jolie,Keiley,Genderfluid,32.0,1.865
483,Vonni,Rilings,Female,50.0,1.6949999999999998
484,Burk,Janacek,Male,37.0,1.79
485,Eleen,Picker,Female,58.0,1.935
486,Reggis,Croson,Male,42.0,1.82
487,Gabi,Yosifov,Female,54.0,1.87
488,Kelsy,Sabey,Genderfluid,59.0,1.815
489,Monah,Janca,Female,65.0,1.61
490,Carlynn,Heaker,Female,51.0,1.6
491,Elroy,Verheyden,Male,32.0,1.995
492,Torrence,Moulsdale,Male,69.0,1.575
493,Oates,Luto,Male,44.0,1.935
494,Mitzi,Woolfenden,Female,51.0,1.79
495,Conni,Costigan,Female,53.0,1.895
496,Ophelie,Hedon,Female,46.0,1.855
497,Cayla,Huggons,Female,69.0,1.76
498,Nessa,Card,Non-binary,54.0,1.885
499,Kylie,Trelevan,Female,38.0,1.81
500,Belia,Hacon,Female,30.0,1.63
501,Elspeth,World,Female,,1.925
502,Florida,Gaule,Female,68.0,1.65
503,Gorden,Elvin,Male,57.0,1.81
504,Cecelia,Jikylls,Bigender,31.0,1.725
505,Aurora,Barz,Female,33.0,1.925
506,Zaccaria,Soaper,Male,61.0,1.85
507,Cordey,Bensley,Female,44.0,1.6800000000000002
508,Federica,Phelipeau,Female,,1.545
509,Jehanna,Kolakowski,Female,43.0,1.595
510,Verge,Banthorpe,Male,52.0,1.62
511,Everard,Fulstow,Male,44.0,1.5699999999999998
512,Aleen,Snarie,Female,65.0,1.575
513,Dannye,Amys,Female,,1.935
514,Alvira,Drew,Female,69.0,1.53
515,Neal,Halls,Male,62.0,1.64
516,Berk,Borless,Male,56.0,1.985
517,Shauna,Dunmore,Female,49.0,1.99
518,Jeffry,Lovejoy,Male,,1.9
519,Cooper,Scopes,Male,63.0,1.985
520,Millicent,Dykas,Female,63.0,1.84
521,Basilius,Sumpter,Male,36.0,1.99
522,Jaquenette,Langstaff,Female,43.0,1.76
523,Christiana,Mountain,Female,64.0,1.71
524,Elnar,Altofts,Male,46.0,1.5
525,Homere,Spiby,Male,44.0,1.84
526,Brendis,Mathevet,Male,61.0,1.8
527,Joane,Bleeze,Female,70.0,1.58
528,Tulley,Benedetti,Male,58.0,1.79
529,Agnella,Carpmile,Female,30.0,1.88
530,Patrizius,Greenshields,Male,31.0,1.965
531,Freemon,Morat,Male,45.0,1.88
532,Edvard,Cranstone,Male,52.0,1.845
533,Arturo,O'Reilly,Male,64.0,1.96
534,Neil,Laffan,Male,39.0,1.905
535,Kasper,Droghan,Male,70.0,1.63
536,Osbourne,Unger,Male,55.0,1.71
537,Faythe,Gelardi,Female,63.0,1.6
538,Clementia,Dehm,Female,44.0,1.605
539,Troy,Kelsey,Male,50.0,1.765
540,Nesta,Fullwood,Female,46.0,1.5699999999999998
541,Gwenni,Killough,Female,70.0,1.63
542,Rolf,Gibby,Male,31.0,1.685
543,Monique,Chess,Female,,1.84
544,Brien,Oxlade,Male,49.0,1.77
545,Dunstan,Skarr,Male,55.0,1.575
546,Clair,Darker,Male,48.0,1.69
547,Benjy,Bonnefin,Male,50.0,1.605
548,Abbie,Luckcock,Male,69.0,1.5699999999999998
549,Willabella,Grouvel,Female,51.0,1.795
550,Fidole,Defond,Male,64.0,1.91
551,Daniella,Arrighetti,Female,34.0,1.99
552,Robbie,Duke,Male,31.0,1.955
553,Sashenka,Jenne,Female,51.0,1.9
554,Mose,Angier,Male,47.0,1.745
555,Verna,De Filippo,Female,,1.98
556,Gabi,Kield,Male,62.0,1.935
557,Hana,Di Ruggiero,Genderfluid,59.0,1.835
558,Parke,Lezemore,Male,48.0,1.725
559,Joli,Stoyle,Female,39.0,1.945
560,Leyla,Bouldstridge,Female,67.0,1.885
561,Bernetta,Tresise,Female,40.0,1.97
562,Corinna,Lamborn,Female,67.0,1.835
563,Karry,Sorrell,Female,65.0,1.725
564,Rochette,Sawl,Female,,1.615
565,Haywood,Saffle,Male,33.0,1.99
566,Chadd,Saiens,Male,52.0,1.755
567,Friederike,Gratland,Female,,1.65
568,Reeva,Mollen,Female,46.0,1.51
569,Brittany,Abercromby,Female,54.0,1.64
570,Elwyn,Capozzi,Male,70.0,1.6
571,Mikael,Dicker,Agender,30.0,1.835
572,Milton,Aleixo,Male,58.0,1.945
573,Lorry,Utteridge,Male,,1.87
574,Tiphany,Foulger,Female,41.0,1.705
575,Gustaf,Oliva,Male,39.0,1.79
576,Dredi,Gallahue,Female,63.0,1.755
577,Karlyn,Benardette,Female,63.0,1.655
578,Basilius,Stubbert,Male,48.0,1.56
579,Jacintha,Plover,Polygender,36.0,1.655
580,Micheline,Laxen,Female,30.0,1.87
581,Audrie,Badrock,Female,65.0,1.775
582,Darsie,Ashplant,Female,46.0,1.51
583,Jenna,Elnor,Genderqueer,55.0,1.99
584,Alard,Watkins,Male,53.0,1.67
585,Saraann,Vinker,Female,31.0,1.6
586,Donny,Zum Felde,Female,,1.97
587,Had,McGoogan,Polygender,54.0,1.67
588,Rosabelle,Raywood,Female,62.0,1.855
589,Nelle,Caukill,Female,42.0,1.51
590,Ricoriki,Aubin,Male,34.0,1.99
591,Jule,Gregoli,Male,57.0,1.605
592,Pavel,Laslett,Male,31.0,1.765
593,Xerxes,Charnley,Male,67.0,1.51
594,Emelina,O'Halligan,Female,,1.6
595,Oates,Gauche,Male,50.0,1.8
596,Tom,Salle,Male,45.0,1.79
597,Ennis,Helliar,Male,,1.515
598,Yuri,Santi,Male,66.0,1.98
599,Wakefield,Walrond,Male,51.0,1.99
600,Cully,Boulter,Bigender,30.0,1.76
601,Ulrika,Dalman,Female,48.0,1.935
602,Maddy,Dacres,Male,60.0,1.535
603,Ethelda,Metschke,Female,54.0,1.565
604,Tuesday,Staley,Female,52.0,1.64
605,Viki,Huster,Non-binary,68.0,1.84
606,Joellyn,Broodes,Female,41.0,1.8
607,Pail,Duffell,Male,62.0,1.99
608,Annamarie,Wix,Bigender,41.0,1.75
609,Natalie,Wellstood,Female,32.0,1.66
610,Clemmie,Winspur,Female,54.0,1.5699999999999998
611,Chrissie,Danzey,Non-binary,31.0,1.65
612,Cristi,Fookes,Female,46.0,1.7
613,Dru,Wooffinden,Female,34.0,1.825
614,Reinold,Phipps,Male,42.0,1.92
615,Freida,Wombwell,Female,41.0,1.75
616,Jacobo,Hyams,Male,40.0,1.985
617,Virge,Ruspine,Male,60.0,1.63
618,Mycah,Fallowfield,Male,61.0,1.875
619,Magdalena,Pretswell,Female,33.0,1.73
620,Bronnie,Cloy,Male,66.0,1.92
621,Tracee,Sherreard,Female,45.0,1.825
622,Raul,Spottiswood,Genderfluid,30.0,1.625
623,Celestia,Skaife,Bigender,,1.88
624,Evelyn,Mournian,Male,42.0,1.865
625,Nicolle,Gentric,Female,42.0,1.705
626,Cristy,Yakutin,Female,50.0,1.815
627,Forster,Van de Castele,Male,63.0,1.6
628,Timothee,Lauder,Male,51.0,1.5
629,Maxi,Matiasek,Female,50.0,1.875
630,Mehetabel,Pigot,Female,59.0,1.835
631,Zandra,Simkovich,Female,43.0,1.91
632,Murvyn,Le Jean,Male,,1.545
633,Jessie,Alyutin,Male,45.0,1.925
634,Leilah,Andrys,Female,37.0,1.55
635,Gretel,Pritchard,Polygender,56.0,1.915
636,Aleece,Burt,Female,40.0,1.53
637,Horton,Dressell,Male,,1.965
638,Dorey,McGeachie,Male,65.0,1.785
639,Jessalin,Fiddler,Female,62.0,1.81
640,Edouard,Nother,Male,31.0,1.77
641,Rosabel,Byfford,Female,33.0,1.5
642,Dorolisa,Druhan,Female,41.0,1.975
643,Kittie,Silwood,Genderfluid,57.0,1.66
644,Pembroke,Burleigh,Male,31.0,1.6
645,Brennan,Blaik,Male,63.0,1.785
646,Itch,Langmaid,Male,35.0,1.53
647,Normie,De Lorenzo,Male,36.0,1.735
648,Shaughn,Blancowe,Male,59.0,1.775
649,Mureil,Stockman,Female,,1.615
650,Wes,Brittles,Agender,32.0,1.92
651,Maxy,Tupling,Male,50.0,1.635
652,Thorndike,Wingeat,Male,66.0,1.79
653,Natka,Matteini,Female,57.0,1.73
654,Winnie,Scarfe,Male,46.0,1.96
655,Fae,Chellam,Female,31.0,1.82
656,Yvonne,Coorington,Female,30.0,1.505
657,Jobie,Hamil,Agender,41.0,1.585
658,Zach,Auchterlony,Male,41.0,1.735
659,Adolpho,Silversmidt,Male,31.0,1.915
660,Paige,Gages,Bigender,63.0,1.73
661,Bond,Ravenhill,Male,55.0,1.79
662,Barron,Auger,Male,44.0,1.65
663,Joela,Minmagh,Female,53.0,1.85
664,Jeremias,Proudlock,Male,57.0,1.735
665,Wheeler,Merveille,Male,48.0,1.61
666,Son,O'Loghlen,Male,52.0,1.5550000000000002
667,Marijo,Coles,Bigender,38.0,1.6949999999999998
668,Revkah,Drinkale,Female,41.0,1.65
669,Ashleigh,Haswall,Female,53.0,1.69
670,Morse,Brauns,Male,35.0,1.55
671,Jarrid,Vedekhov,Male,67.0,1.9
672,Susy,Leverentz,Female,63.0,1.955
673,Susannah,Scutchings,Female,57.0,1.97
674,Adolphe,Breming,Male,51.0,1.52
675,Eldon,Walklot,Male,57.0,1.835
676,Porty,Perell,Male,67.0,1.85
677,Ines,Hilldrop,Female,54.0,1.945
678,Dennison,Tookey,Male,31.0,1.835
679,Darin,Lawes,Male,37.0,1.56
680,Joete,Baalham,Female,63.0,1.54
681,Bill,Spruce,Male,35.0,1.51
682,Katharine,Runsey,Female,49.0,1.69
683,Pat,Caulliere,Male,51.0,1.995
684,Ollie,Acors,Female,47.0,1.855
685,Lewie,Brimner,Male,42.0,1.995
686,Christoph,Frowing,Male,44.0,1.8
687,Shanie,Tomaskunas,Female,32.0,1.9
688,Micheline,Adriaan,Female,35.0,1.53
689,Vivi,O'Leahy,Female,63.0,1.625
690,Lissy,Symson,Female,35.0,1.785
691,Rikki,Moisey,Male,62.0,1.8
692,Petunia,Bellocht,Female,54.0,1.945
693,Verney,Maloney,Male,48.0,1.7
694,Fulton,Crowder,Male,54.0,1.67
695,Ignaz,Aysik,Male,44.0,1.845
696,Lorenzo,Gotch,Male,69.0,1.685
697,Salvatore,Peterson,Male,47.0,1.715
698,Susann,Margaritelli,Female,39.0,1.54
699,Ida,Gyrgorcewicx,Female,31.0,1.9
700,Glenn,Gaffney,Female,57.0,1.625
701,Jorrie,Sproat,Female,59.0,1.5699999999999998
702,Otho,Gwioneth,Male,58.0,1.7
703,Austine,Stickells,Female,32.0,1.915
704,Tailor,Dosdell,Male,66.0,1.525
705,Conney,Birkenshaw,Agender,35.0,1.725
706,Adrian,Bassick,Female,61.0,1.905
707,Sawyere,Drynan,Male,34.0,1.82
708,Lennard,Bagster,Male,57.0,1.63
709,Rafael,Tutin,Male,40.0,1.52
710,Moss,Bille,Male,42.0,1.915
711,Lars,Skynner,Male,31.0,1.775
712,Boigie,Colegrove,Male,36.0,1.965
713,Nolie,Ocheltree,Female,65.0,1.785
714,Sylvan,O'Shiel,Male,41.0,1.78
715,Fanechka,Tissier,Female,65.0,1.585
716,Keelby,Tapin,Male,68.0,1.96
717,Rebekkah,Kilbane,Female,64.0,1.58
718,Bentley,Shiel,Male,68.0,1.63
719,Bobbe,Sebyer,Female,31.0,1.885
720,Laughton,MacGillespie,Genderfluid,45.0,1.795
721,Penrod,McCrea,Male,47.0,1.77
722,Tull,Jacquemet,Male,60.0,1.675
723,Alvina,Paddingdon,Female,38.0,1.705
724,Beau,Belsey,Male,69.0,1.655
725,Suzy,Klarzynski,Female,58.0,1.71
726,Arie,Gent,Male,47.0,1.965
727,Maire,Denekamp,Female,53.0,1.845
728,Cthrine,Konrad,Female,,1.855
729,Corry,Marcussen,Female,49.0,1.78
730,Noelani,Domino,Female,64.0,1.995
731,Tess,Elphey,Female,30.0,1.795
732,Yasmeen,Wardrope,Polygender,64.0,1.82
733,Merry,McCready,Male,61.0,1.525
734,Ranee,Pilgrim,Female,70.0,1.82
735,Roxane,Prettejohns,Female,37.0,1.51
736,Clifford,Banfill,Male,40.0,1.615
737,Alfy,Leathe,Male,45.0,1.94
738,Fonsie,Lorraway,Male,61.0,1.965
739,Vivian,Ioan,Female,,1.84
740,Dredi,Lantuff,Female,45.0,1.605
741,Scotty,Wheeler,Male,,1.75
742,Garret,Duffrie,Male,51.0,1.595
743,Hasheem,Kynan,Male,31.0,1.705
744,Bennie,Zanneli,Female,69.0,1.785
745,Marlyn,Feare,Agender,,1.925
746,Sophronia,Lincey,Female,49.0,1.585
747,Sibby,Bonallack,Non-binary,46.0,1.915
748,Claresta,Berzon,Female,49.0,1.995
749,Solomon,Pellman,Non-binary,52.0,1.5550000000000002
750,Jereme,Kershow,Male,55.0,1.58
751,Weider,Beet,Male,62.0,1.56
752,Gerry,Reidshaw,Male,59.0,1.785
753,Alfie,Marden,Female,66.0,1.69
754,Amanda,Veljes,Female,65.0,1.52
755,Sherilyn,Mcwhinnie,Female,35.0,1.635
756,Mirabelle,Newton,Female,46.0,1.665
757,Damita,Gypson,Female,46.0,1.83
758,Loren,Glenn,Bigender,63.0,1.955
759,Sonni,Curtiss,Female,35.0,1.605
760,Mozelle,Tyre,Female,39.0,1.605
761,Leela,Thredder,Female,31.0,1.53
762,Ragnar,Wondraschek,Male,53.0,1.53
763,Rene,Kabos,Male,38.0,1.685
764,Bale,McGroarty,Male,,1.595
765,Brody,Jirus,Male,47.0,2.0
766,Auberta,Eisikovitsh,Female,58.0,1.99
767,Margaretha,Stenson,Female,44.0,1.875
768,Claudelle,Reaveley,Bigender,55.0,1.575
769,Jenn,Arundel,Female,60.0,1.92
770,Moll,Nobles,Female,32.0,1.93
771,Dana,Killingworth,Male,64.0,1.655
772,Wolfie,Geaveny,Genderfluid,54.0,1.675
773,Giacopo,Ivery,Male,51.0,1.6
774,Hendrika,Applin,Female,53.0,1.915
775,Pietra,Gorman,Female,44.0,1.955
776,Page,Laity,Male,44.0,1.505
777,Fanny,Mallalieu,Genderfluid,44.0,1.855
778,Matthiew,Gimlet,Male,,1.6
779,Kinny,Cuddon,Male,70.0,1.615
780,Valenka,Bennet,Female,60.0,1.875
781,Nicholas,Haster,Male,50.0,1.77
782,Lissa,Campelli,Female,54.0,2.0
783,Xymenes,Gerrans,Male,53.0,1.655
784,Kathi,Penkethman,Female,64.0,1.875
785,Ingelbert,Boniface,Male,30.0,1.75
786,Parnell,Dellenbrok,Male,70.0,1.59
787,Vina,Danshin,Female,37.0,1.5699999999999998
788,Brendin,Yard,Male,60.0,1.935
789,Bessy,Dziwisz,Female,62.0,1.74
790,Hunfredo,Lackemann,Male,,1.685
791,Erika,Grzegorek,Female,32.0,1.86
792,Dallon,Lawrinson,Male,70.0,1.84
793,Greer,Asp,Polygender,38.0,1.59
794,Ferdie,Rengger,Male,38.0,1.745
795,Merill,Lared,Male,55.0,1.845
796,Chilton,Unworth,Male,48.0,1.81
797,Jamil,Steutly,Male,46.0,1.845
798,Nealy,Ambrodi,Male,67.0,1.64
799,Bertie,Darree,Female,55.0,1.965
800,Kristien,Farran,Female,53.0,1.875
801,Constantino,Ilyas,Male,53.0,1.635
802,Jemimah,Sheehy,Female,39.0,1.73
803,Haily,Bilt,Female,42.0,1.97
804,Julianne,Beggio,Female,47.0,1.525
805,Camey,Dorian,Male,69.0,1.755
806,Davie,Gotliffe,Male,68.0,1.78
807,Jobye,O'Gready,Polygender,44.0,1.715
808,Amandie,Vondrak,Female,,1.9
809,Janet,Chessun,Female,32.0,1.85
810,Algernon,Gogarty,Polygender,48.0,1.625
811,Reilly,Pourvoieur,Male,64.0,1.855
812,Roseann,Huggett,Female,38.0,1.6949999999999998
813,Caitlin,Braben,Female,50.0,1.88
814,Mathew,Lumm,Male,33.0,1.515
815,Faustina,Markwell,Agender,47.0,1.51
816,Vitia,Waison,Female,46.0,1.6
817,Hercule,Cleugh,Male,32.0,1.755
818,Kayla,Dugall,Agender,48.0,1.75
819,Bernardine,Bolderstone,Female,31.0,1.545
820,Hamid,Surmeyers,Male,45.0,1.835
821,Kristel,Loyndon,Bigender,62.0,1.565
822,Xenos,Najara,Male,36.0,1.56
823,Sybille,McKeighan,Female,41.0,1.575
824,Forbes,Heaseman,Male,,1.815
825,Buckie,Inkles,Male,67.0,1.665
826,Charis,Owtram,Agender,56.0,1.635
827,Benedict,Carwardine,Male,64.0,1.5550000000000002
828,Fae,Dancer,Bigender,63.0,1.585
829,Eleen,Firk,Female,51.0,1.795
830,Myra,Lancley,Female,32.0,1.655
831,Curtis,Woodsford,Male,65.0,1.985
832,Jephthah,Cull,Male,62.0,1.885
833,Ivory,Molineux,Female,37.0,1.6949999999999998
834,Gian,Paddy,Male,38.0,1.745
835,Leland,Swaffield,Male,37.0,1.96
836,Trev,Saddleton,Male,48.0,1.81
837,Marven,Steeden,Male,43.0,1.9
838,Quillan,Osbidston,Male,,1.83
839,Alexandr,De Ambrosis,Male,45.0,1.665
840,Klarrisa,Kas,Female,63.0,1.86
841,Leone,Bunson,Female,32.0,1.88
842,Andra,Boutwell,Female,34.0,1.685
843,Adrea,Jimes,Female,46.0,1.855
844,Ly,Hegges,Male,37.0,1.64
845,Eric,Lindblad,Male,67.0,1.53
846,Calli,Schimmang,Female,53.0,1.5699999999999998
847,Culley,Semerad,Male,43.0,1.75
848,Blake,Boles,Male,38.0,1.6800000000000002
849,Westley,Otto,Male,47.0,1.895
850,Darsie,Tye,Female,62.0,1.835
851,Ricki,Wonham,Male,35.0,1.515
852,Ennis,Longina,Male,58.0,1.855
853,Elene,Bastow,Female,36.0,1.885
854,Katerina,McPhilemy,Female,57.0,1.64
855,Jason,MacLaig,Male,61.0,1.665
856,Gisele,O'Cassidy,Female,54.0,1.85
857,Dionisio,Jenicke,Male,38.0,1.61
858,Mahmoud,Pesticcio,Male,38.0,1.995
859,Titos,Rosenblad,Male,64.0,1.525
860,Fernandina,Jinda,Female,65.0,1.765
861,Betti,Pratten,Female,53.0,1.985
862,Kris,Beddo,Male,41.0,1.61
863,Nathaniel,Blacklidge,Male,37.0,1.975
864,Norbert,Owbridge,Male,56.0,1.805
865,Gasparo,Rudland,Male,30.0,1.775
866,Marie-ann,Gager,Female,48.0,1.835
867,Sampson,Veevers,Male,52.0,1.665
868,Kele,Carreyette,Male,56.0,1.52
869,Gennifer,Inman,Female,67.0,1.55
870,Goldy,McGlew,Female,53.0,1.92
871,Rhodie,Hibbart,Female,67.0,1.735
872,Gus,Kubelka,Male,39.0,1.505
873,Dimitri,Rue,Genderfluid,33.0,1.58
874,Bevin,Rentelll,Male,37.0,1.905
875,Norry,Unwin,Female,31.0,1.675
876,Darcy,McLaggan,Polygender,50.0,1.795
877,Thaddus,Yeulet,Male,35.0,1.83
878,Haley,Storrier,Male,36.0,1.83
879,Raffarty,Bambrough,Male,35.0,1.98
880,Carolan,Simkiss,Female,,1.6949999999999998
881,Kilian,Handke,Male,39.0,1.75
882,Alonso,Leele,Male,46.0,1.865
883,Cyrus,Everill,Male,,1.625
884,Eric,Coot,Male,58.0,1.77
885,Lyndy,Hughesdon,Female,41.0,1.96
886,Lyda,Abels,Genderfluid,51.0,1.665
887,Hinda,Boase,Female,66.0,1.535
888,August,Ringsell,Non-binary,45.0,1.51
889,Fulvia,Reader,Female,69.0,1.89
890,Tildie,Heaviside,Female,68.0,1.51
891,Theo,Markey,Male,,1.845
892,Haze,Shadrach,Male,63.0,1.96
893,Catherina,Glowach,Female,32.0,1.58
894,Hammad,Yankishin,Male,34.0,1.6949999999999998
895,Mara,Keirl,Female,46.0,1.965
896,Isabel,Deyenhardt,Female,47.0,1.975
897,Theresa,McVicar,Female,32.0,1.565
898,Christel,Verson,Female,54.0,1.505
899,Hillary,Tottie,Male,63.0,1.845
900,Lacy,Cholonin,Female,39.0,1.97
901,Javier,Seathwright,Male,42.0,1.575
902,Lesya,Cirlos,Female,,1.94
903,Horton,Heyfield,Male,59.0,1.505
904,Ermentrude,Shimmans,Female,54.0,1.5550000000000002
905,Kori,Sneller,Genderqueer,69.0,1.775
906,Duffie,Purser,Male,69.0,1.795
907,Jacklyn,Dursley,Agender,34.0,1.775
908,Kimberli,Velti,Female,61.0,1.575
909,Raf,Penny,Female,41.0,1.98
910,Lisabeth,Frenchum,Female,58.0,1.55
911,Bethany,Keuneke,Female,66.0,1.73
912,Greg,Youtead,Genderfluid,52.0,1.995
913,Mickey,Spacie,Male,55.0,1.575
914,Jacob,MacPeice,Male,66.0,1.675
915,Cyndie,Allbon,Bigender,60.0,1.655
916,Darcey,Woollett,Female,52.0,2.0
917,Hillier,Bidewel,Male,64.0,1.605
918,Henderson,Spollen,Male,38.0,1.895
919,Ronald,Absolem,Male,59.0,1.605
920,Any,Atwool,Male,54.0,1.84
921,Norri,Dielhenn,Female,54.0,1.745
922,Kale,Nadin,Male,42.0,1.56
923,Ayn,Skeleton,Female,58.0,1.875
924,Baird,Ollerearnshaw,Male,52.0,1.52
925,Edward,MacHoste,Male,,1.85
926,Garnette,Alberts,Female,59.0,1.835
927,Meredith,Downgate,Male,31.0,1.645
928,Toddie,Vela,Male,45.0,1.575
929,Shae,Coultard,Female,70.0,1.86
930,Kassandra,Shortell,Female,,1.71
931,Baxter,Wrigglesworth,Male,69.0,1.635
932,Noam,Kase,Agender,70.0,1.55
933,Rickard,Kaley,Male,53.0,1.58
934,Hoyt,Davidman,Male,52.0,1.87
935,Burk,Zorzi,Male,50.0,1.685
936,Reagen,Leebetter,Male,41.0,1.72
937,Collie,Milliken,Female,30.0,1.5550000000000002
938,Henrie,Folker,Female,44.0,1.5699999999999998
939,Bink,Brunelli,Male,35.0,1.59
940,Nelly,Harpham,Female,42.0,1.73
941,Marrissa,Haresnape,Female,66.0,1.885
942,Derek,Skillings,Male,53.0,1.985
943,Giorgi,Dorset,Male,49.0,1.56
944,Gerick,Wollers,Male,49.0,1.62
945,Emelia,Scrimshire,Agender,56.0,1.87
946,Jess,Adamo,Bigender,43.0,1.565
947,Daven,Knolles-Green,Male,54.0,1.84
948,Christie,Copnell,Male,42.0,1.71
949,Larisa,Smogur,Female,34.0,1.865
950,Mag,Kneeland,Female,51.0,1.895
951,Inesita,MacGinlay,Polygender,64.0,1.6949999999999998
952,Conroy,Roskeilly,Male,57.0,1.925
953,Rad,Moresby,Male,60.0,1.985
954,Jemmy,Winter,Polygender,67.0,1.925
955,Glenna,Paynton,Genderqueer,59.0,1.6800000000000002
956,Glynis,Brockway,Female,37.0,1.825
957,Shara,Guinane,Female,59.0,1.7
958,Kate,Bagnell,Female,,1.895
959,Abram,Calver,Male,37.0,1.66
960,Aldo,Beavis,Male,55.0,1.61
961,Kalindi,Spain-Gower,Female,52.0,1.565
962,Mordy,Alvarado,Male,66.0,1.79
963,Ganny,Silk,Male,45.0,1.605
964,Rey,Vaudin,Male,65.0,1.91
965,Bartel,Choppen,Male,59.0,1.53
966,Howie,Schust,Male,64.0,1.73
967,Alex,Geck,Male,32.0,1.535
968,Marty,Branch,Female,35.0,1.905
969,Nataniel,Cozzi,Male,65.0,1.86
970,Kip,Reburn,Male,51.0,1.86
971,Myrilla,Bauman,Female,47.0,1.61
972,Joel,Brader,Male,55.0,1.905
973,Deanne,Giriardelli,Female,60.0,1.915
974,Seymour,Dorbon,Male,51.0,1.585
975,Emile,Roubert,Male,61.0,1.665
976,Alameda,Guidi,Female,41.0,1.86
977,Lesly,Willshere,Female,39.0,1.69
978,Garland,Skaife,Female,56.0,1.81
979,Colet,Cheel,Male,46.0,1.98
980,Tonnie,Congdon,Male,40.0,1.855
981,Nahum,Duchesne,Male,61.0,1.945
982,Jeffie,Deppe,Male,64.0,1.72
983,Web,Melody,Male,53.0,1.77
984,Giulio,Garnham,Male,42.0,1.88
985,Ginger,Alp,Male,33.0,1.655
986,Del,Pluthero,Male,39.0,1.64
987,Tony,Ewington,Female,37.0,1.935
988,Cassandry,Bruckner,Female,69.0,1.775
989,Sheba,Dolden,Female,65.0,1.715
990,Eduardo,Lightbown,Male,50.0,1.96
991,Murdock,Haborn,Male,42.0,1.875
992,Isobel,Baszniak,Female,63.0,1.74
993,Vinnie,Lumbley,Male,40.0,1.56
994,Gay,Vuittet,Male,34.0,1.875
995,Gail,Leyman,Male,63.0,1.98
996,Wat,Ioan,Male,65.0,1.75
997,Vita,Peach,Female,49.0,1.6949999999999998
998,Germain,Banaszkiewicz,Female,40.0,1.675
999,Andris,Kingwell,Male,63.0,1.835
1000,Arlyne,Belin,Genderfluid,,1.83
